ano,media_selic
2020,0.010839195219123507
2021,0.01724713545816733
2022,0.0465502390438247
2023,0.049235654618473894
2024,0.04081550592885376
2025,0.049076108108108106
